Index,Name,Age,Gender,Phone Number
1,Michael Smith,62,Female,947-953-5752
2,John Smith,37,Male,775-873-7796
3,Sarah Smith,23,Female,118-916-5196
4,Anna Smith,23,Female,639-417-3490
5,Jane Thomas,35,Male,703-250-3371
6,Sophia Brown,38,Female,450-903-1345
7,Emily Taylor,31,Male,222-338-5364
8,Michael Brown,20,Female,728-613-9603
9,Jane Doe,40,Male,713-813-8593
10,Jane Anderson,49,Male,779-206-5174
11,Sam Thomas,41,Female,852-567-3939
12,David Brown,31,Female,247-495-9798
13,Sam Davis,59,Female,665-514-4156
14,Sophia Davis,46,Male,697-997-3553
15,Jane Davis,41,Female,850-768-6670
16,John Taylor,35,Male,339-647-9670
17,John Jackson,52,Female,296-825-3888
18,Emily Johnson,60,Female,992-949-9766
19,Anna White,36,Female,561-544-2476
20,Michael Davis,47,Male,386-488-5585
21,Chris Anderson,36,Male,273-253-2603
22,Michael Johnson,45,Male,695-218-4978
23,Chris Jackson,42,Female,732-305-6918
24,Anna Smith,51,Male,456-186-9933
25,Chris Thomas,47,Male,237-424-7406
26,Emily Johnson,18,Male,519-144-3437
27,Anna Anderson,40,Female,150-343-1366
28,Sarah Smith,45,Male,550-733-2707
29,David Smith,20,Female,512-381-6932
30,Sarah Johnson,28,Female,931-156-9763
31,Michael Anderson,56,Female,331-385-1157
32,Anna Anderson,60,Female,895-774-9542
33,Anna Jackson,18,Male,350-836-5287
34,Sarah Johnson,24,Male,353-864-7702
35,Michael Davis,32,Female,652-266-7175
36,Anna Taylor,48,Male,332-846-4562
37,Chris Doe,57,Female,716-404-4354
38,Sarah Brown,35,Female,909-134-1456
39,Michael Doe,34,Male,778-858-7134
40,Sam Anderson,37,Male,251-429-3560
41,Sophia Anderson,49,Male,904-706-6920
42,Sophia Doe,37,Male,790-495-2103
43,Jane Jackson,40,Female,697-859-3791
44,Chris Thomas,28,Female,298-610-9696
45,Jane Thomas,19,Male,106-730-9705
46,Michael White,31,Male,567-316-9525
47,Sophia Taylor,43,Female,116-677-2400
48,Sam Smith,33,Female,608-910-9458
49,Sophia White,34,Male,282-787-6269
50,Chris Anderson,42,Male,504-615-3358
51,Anna Johnson,49,Male,976-479-6460
52,David White,22,Male,846-713-4865
53,Sam Brown,61,Male,249-767-6445
54,Emily Anderson,52,Female,801-670-4723
55,Emily Thomas,47,Female,754-456-6456
56,Emily White,20,Male,318-376-9864
57,Jane Anderson,32,Female,936-368-8917
58,Anna Smith,38,Male,428-493-7015
59,Sam Brown,58,Female,561-435-3289
60,Emily Doe,24,Female,640-701-4932
61,David Doe,20,Male,500-112-5960
62,Sophia Smith,37,Male,721-887-3074
63,Emily Johnson,48,Female,565-305-6963
64,Michael Jackson,35,Male,194-916-9718
65,Sarah Doe,34,Female,833-347-4655
66,Sarah Johnson,46,Female,996-504-8599
67,Emily Davis,51,Female,256-463-4621
68,Sarah Johnson,28,Male,967-475-7926
69,David Brown,37,Male,426-940-9847
70,Sam Jackson,59,Male,320-560-3159
71,Jane Thomas,41,Male,729-101-5608
72,Sophia White,45,Female,489-919-1996
73,Chris Anderson,19,Male,736-637-7541
74,David Brown,46,Male,147-492-9721
75,Sam Brown,54,Female,934-931-4232
76,Anna Smith,25,Female,209-139-4260
77,Emily White,60,Female,863-557-4366
78,John Davis,22,Female,591-698-2842
79,Sam Doe,65,Male,630-813-8970
80,Anna Brown,65,Female,674-742-1232
81,Michael Davis,56,Female,124-538-1761
82,Anna Davis,60,Male,336-713-6464
83,Sam Johnson,30,Female,807-960-2445
84,Anna Johnson,35,Male,679-642-7370
85,Jane Taylor,56,Female,784-451-7149
86,Sarah Doe,32,Male,556-768-5812
87,Sam Taylor,64,Female,698-779-7360
88,Sarah Jackson,60,Female,626-914-8255
89,Sophia Brown,58,Female,987-297-8512
90,Sophia Davis,36,Male,947-766-7808
91,Anna Thomas,22,Male,109-446-8291
92,Chris Smith,39,Female,477-464-2501
93,Sophia White,47,Female,587-918-8965
94,David Anderson,39,Male,586-969-6955
95,Chris Davis,23,Male,711-718-4894
96,Chris Brown,52,Female,213-957-3053
97,Anna White,24,Female,181-721-6429
98,Michael Anderson,36,Male,885-629-9735
99,Chris Doe,42,Male,758-337-3577
100,Sam Davis,37,Female,560-364-4601
